Series_Name,Series_Code,Country_Name,Country_Code,y2010,y2011,y2012,y2013,y2014,y2015,y2016,y2017
GDP per capita (current US$),NY.GDP.PCAP.CD,Afghanistan,AFG,543.3030419,591.162759,641.8714792,637.1655232,613.8566892,578.4663529,547.2281102,556.3020024
GDP per capita (current US$),NY.GDP.PCAP.CD,Albania,ALB,4094.350334,4437.142885,4247.629984,4413.060861,4578.631994,3952.801215,4124.055726,4531.020806
GDP per capita (current US$),NY.GDP.PCAP.CD,Algeria,DZA,4480.799271,5455.853529,5592.257099,5499.581487,5493.02559,4177.892515,3946.443977,4044.2766
GDP per capita (current US$),NY.GDP.PCAP.CD,American Samoa,ASM,10271.22452,10294.30227,11568.793,11505.39371,11507.23235,11843.33118,11696.95556,10823.4448
GDP per capita (current US$),NY.GDP.PCAP.CD,Andorra,AND,40852.66678,43335.32886,38686.46126,39538.76672,41303.92937,35762.52307,37474.66541,38962.88035
GDP per capita (current US$),NY.GDP.PCAP.CD,Angola,AGO,3587.883798,4615.468028,5100.095808,5254.882338,5408.410496,4166.979684,3506.072885,4095.812942
GDP per capita (current US$),NY.GDP.PCAP.CD,Antigua and Barbuda,ATG,13049.25705,12746.20502,13272.44133,12909.74418,13501.58092,14286.09316,15197.61746,15383.41519
GDP per capita (current US$),NY.GDP.PCAP.CD,Argentina,ARG,10385.96443,12848.8642,13082.66433,13080.25473,12334.79825,13789.06042,12790.24247,14591.86338
GDP per capita (current US$),NY.GDP.PCAP.CD,Armenia,ARM,3218.372707,3525.804747,3681.857456,3838.185801,3986.231624,3607.296697,3591.829276,3914.501268
GDP per capita (current US$),NY.GDP.PCAP.CD,Aruba,ABW,23512.6026,24985.99328,24713.69805,26189.43551,26647.9381,27980.8807,28281.35048,29007.693
GDP per capita (current US$),NY.GDP.PCAP.CD,Australia,AUS,52022.1256,62517.83375,68012.1479,68150.10704,62510.79117,56755.72171,49971.13146,54066.47127
GDP per capita (current US$),NY.GDP.PCAP.CD,Austria,AUT,46858.04327,51374.95841,48567.69529,50716.70871,51717.49594,44178.04738,45237.80509,47549.07904
GDP per capita (current US$),NY.GDP.PCAP.CD,Azerbaijan,AZE,5842.805784,7189.691229,7496.294648,7875.756953,7891.313147,5500.310382,3880.738731,4147.089716
GDP per capita (current US$),NY.GDP.PCAP.CD,"Bahamas, The",BHS,28443.40766,28006.37972,29485.62093,28768.02989,29445.03053,31405.96356,31588.835,31827.2427
GDP per capita (current US$),NY.GDP.PCAP.CD,Bahrain,BHR,20722.13729,22514.23795,23654.35139,24744.29696,24989.40012,22688.9444,22619.11667,23709.43047
GDP per capita (current US$),NY.GDP.PCAP.CD,Bangladesh,BGD,781.1535936,861.7584443,883.1050005,981.8398792,1118.853663,1248.453398,1401.620466,1563.913857
GDP per capita (current US$),NY.GDP.PCAP.CD,Barbados,BRB,16056.37098,16458.35321,16249.55939,16451.16358,16489.07224,16525.07325,16900.16655,17391.42587
GDP per capita (current US$),NY.GDP.PCAP.CD,Belarus,BLR,6029.3968,6519.230195,6940.159254,7978.872615,8318.51269,5949.106307,5022.626643,5761.74712
GDP per capita (current US$),NY.GDP.PCAP.CD,Belgium,BEL,44141.87814,47348.52502,44673.11588,46744.66254,47700.54036,40991.80814,41998.33575,44288.50804
GDP per capita (current US$),NY.GDP.PCAP.CD,Belize,BLZ,4270.864345,4423.489797,4505.621302,4568.502958,4705.60269,4775.955648,4818.403909,4887.577208
GDP per capita (current US$),NY.GDP.PCAP.CD,Benin,BEN,1036.533952,1130.273132,1145.140811,1251.210518,1291.409808,1076.797716,1087.287832,1136.592847
GDP per capita (current US$),NY.GDP.PCAP.CD,Bermuda,BMU,88207.32756,85973.15842,85458.45551,85748.06541,,,,
GDP per capita (current US$),NY.GDP.PCAP.CD,Bhutan,BTN,2258.183141,2563.257527,2538.9459,2472.714309,2652.214589,2752.664208,2930.562989,3286.574703
GDP per capita (current US$),NY.GDP.PCAP.CD,Bolivia,BOL,1955.461557,2346.33717,2609.880819,2908.200085,3081.878834,3035.972215,3076.658949,3351.12404
GDP per capita (current US$),NY.GDP.PCAP.CD,Bosnia and Herzegovina,BIH,4635.517779,5092.551943,4778.636088,5131.394506,5329.635045,4727.277546,4994.68314,5394.59122
GDP per capita (current US$),NY.GDP.PCAP.CD,Botswana,BWA,6434.815657,7617.325094,7070.37655,7224.965172,7780.638385,6799.875234,7243.852997,7893.210108
GDP per capita (current US$),NY.GDP.PCAP.CD,Brazil,BRA,11286.24302,13245.6125,12370.0242,12300.32488,12112.58821,8814.000987,8710.09669,9925.386238
GDP per capita (current US$),NY.GDP.PCAP.CD,British Virgin Islands,VGB,,,,,,,,
GDP per capita (current US$),NY.GDP.PCAP.CD,Brunei Darussalam,BRN,35269.55311,47055.84112,47740.5149,44740.08502,41726.78397,31164.56203,27157.82341,28572.14678
GDP per capita (current US$),NY.GDP.PCAP.CD,Bulgaria,BGR,6809.898984,7806.348652,7393.189177,7651.817881,7874.260904,7053.603706,7545.790332,8331.058025
GDP per capita (current US$),NY.GDP.PCAP.CD,Burkina Faso,BFA,647.8358465,751.1729572,758.0007014,787.4701763,792.8467784,653.3269795,687.670175,738.2741589
GDP per capita (current US$),NY.GDP.PCAP.CD,Burundi,BDI,234.2356469,249.5779794,252.3589799,256.9760028,274.8579479,305.5497728,282.1931304,292.9976307
GDP per capita (current US$),NY.GDP.PCAP.CD,Cabo Verde,CPV,3378.25486,3740.389099,3447.524041,3615.979041,3588.674054,3043.013984,3130.963385,3292.645755
GDP per capita (current US$),NY.GDP.PCAP.CD,Cambodia,KHM,785.5022829,882.2754926,950.880346,1013.420401,1093.496191,1162.90492,1269.591257,1385.25998
GDP per capita (current US$),NY.GDP.PCAP.CD,Cameroon,CMR,1286.515572,1405.094392,1354.545613,1465.638843,1542.620266,1327.503017,1364.33011,1425.107818
GDP per capita (current US$),NY.GDP.PCAP.CD,Canada,CAN,47448.01322,52087.44638,52678.39012,52652.59368,50893.44671,43585.51198,42322.48478,45148.55271
GDP per capita (current US$),NY.GDP.PCAP.CD,Cayman Islands,CYM,73350.78482,72328.41164,72783.32044,73515.89532,74990.43322,76280.48625,78296.09993,81124.51348
GDP per capita (current US$),NY.GDP.PCAP.CD,Central African Republic,CAF,488.4214018,551.7500966,565.800697,380.2981676,424.4487513,377.4230017,402.1912906,450.900245
GDP per capita (current US$),NY.GDP.PCAP.CD,Chad,TCD,892.5687203,984.7358915,967.3527975,979.8124096,1020.288204,776.0195323,693.4493865,665.9483527
GDP per capita (current US$),NY.GDP.PCAP.CD,Channel Islands,CHI,,,,,,,,
GDP per capita (current US$),NY.GDP.PCAP.CD,Chile,CHL,12808.03459,14637.24024,15351.55133,15842.94081,14670.99676,13574.17183,13753.59444,14999.37009
GDP per capita (current US$),NY.GDP.PCAP.CD,China,CHN,4550.453596,5618.132491,6316.918863,7050.64592,7678.599432,8066.942424,8147.938148,8879.438149
GDP per capita (current US$),NY.GDP.PCAP.CD,Colombia,COL,6336.709214,7335.11051,8050.058414,8218.033996,8114.084069,6175.876132,5871.223575,6377.851363
GDP per capita (current US$),NY.GDP.PCAP.CD,Comoros,COM,1316.498848,1447.963587,1403.34862,1505.349473,1513.830379,1242.60319,1273.058953,1323.81159
GDP per capita (current US$),NY.GDP.PCAP.CD,"Congo, Dem. Rep.",COD,334.0215726,387.0824654,424.6003861,457.9637283,486.7870819,497.3169608,471.3188404,467.0742375
GDP per capita (current US$),NY.GDP.PCAP.CD,"Congo, Rep.",COG,2812.435974,3286.694535,3032.493883,3047.930773,2996.918026,1762.032018,1815.295843,1767.894521
GDP per capita (current US$),NY.GDP.PCAP.CD,Costa Rica,CRI,8141.913127,9121.932518,9913.209959,10490.08133,10547.15186,11299.13554,11666.45591,11814.62657
GDP per capita (current US$),NY.GDP.PCAP.CD,Cote d'Ivoire,CIV,1213.112645,1208.583026,1243.273487,1415.871758,1561.463655,1972.546108,2013.382462,2111.027076
GDP per capita (current US$),NY.GDP.PCAP.CD,Croatia,HRV,13923.62858,14566.63847,13238.10193,13642.19366,13600.19439,11782.89908,12360.48382,13412.33829
GDP per capita (current US$),NY.GDP.PCAP.CD,Cuba,CUB,5730.354775,6139.71933,6497.321113,6837.712892,7133.342095,7694.01192,8060.795886,8541.210673
GDP per capita (current US$),NY.GDP.PCAP.CD,Curacao,CUW,..,20146.38641,20587.39736,20462.71795,20258.00969,19951.3279,19555.36585,19457.53152
GDP per capita (current US$),NY.GDP.PCAP.CD,Cyprus,CYP,31023.63833,32396.38574,28912.15694,27729.1927,27129.62612,23333.71491,24532.51906,26338.69434
GDP per capita (current US$),NY.GDP.PCAP.CD,Czech Republic,CZE,19808.07109,21717.45794,19729.87051,19916.01939,19744.55861,17715.61685,18463.38658,20379.89604
GDP per capita (current US$),NY.GDP.PCAP.CD,Denmark,DNK,58041.39844,61753.64713,58507.50805,61191.1937,62548.98473,53254.856,54663.99837,57141.05984
GDP per capita (current US$),NY.GDP.PCAP.CD,Djibouti,DJI,1343.26873,1451.54298,1559.240651,2312.728803,2464.327841,2658.978753,2802.197051,2914.383856
GDP per capita (current US$),NY.GDP.PCAP.CD,Dominica,DMA,6967.266654,7065.061847,6848.394227,7016.676471,7318.103783,7596.435062,8080.968623,7274.721333
GDP per capita (current US$),NY.GDP.PCAP.CD,Dominican Republic,DOM,5555.389722,5913.432072,6110.369652,6238.133608,6608.828102,6921.517228,7280.880109,7609.338799
GDP per capita (current US$),NY.GDP.PCAP.CD,Ecuador,ECU,4633.590358,5200.55579,5682.045007,6056.330827,6377.09153,6124.491643,6060.093329,6213.501276
GDP per capita (current US$),NY.GDP.PCAP.CD,"Egypt, Arab Rep.",EGY,2644.817039,2791.954962,3232.648892,3264.378787,3378.831358,3598.970948,3525.020165,2440.510173
GDP per capita (current US$),NY.GDP.PCAP.CD,El Salvador,SLV,2983.242708,3266.045875,3428.384736,3509.531493,3589.042193,3705.577946,3805.993666,3910.257193
GDP per capita (current US$),NY.GDP.PCAP.CD,Equatorial Guinea,GNQ,17288.8596,21641.87052,21711.15323,20390.71932,19394.02999,11283.46561,9250.331953,9667.912252
GDP per capita (current US$),NY.GDP.PCAP.CD,Eritrea,ERI,501.3556333,642.5076591,,,,,,
GDP per capita (current US$),NY.GDP.PCAP.CD,Estonia,EST,14790.82122,17621.54744,17534.42154,19174.10073,20367.10266,17522.23019,18237.29584,20388.20955
GDP per capita (current US$),NY.GDP.PCAP.CD,Eswatini,SWZ,4168.505177,4496.600379,4527.668988,4230.344056,4038.557228,3689.518706,3447.695699,3953.088968
GDP per capita (current US$),NY.GDP.PCAP.CD,Ethiopia,ETH,341.5541149,354.4795758,467.0779272,499.5315721,566.9264665,640.5418913,717.1245929,768.5223076
GDP per capita (current US$),NY.GDP.PCAP.CD,Faroe Islands,FRO,48530.23385,52083.88914,49459.71723,54853.6256,59440.03076,52404.65933,55822.91472,58622.84082
GDP per capita (current US$),NY.GDP.PCAP.CD,Fiji,FJI,3652.527437,4371.45751,4591.555784,4840.693716,5605.570331,5390.745237,5651.318066,6101.030843
GDP per capita (current US$),NY.GDP.PCAP.CD,Finland,FIN,46459.97325,51081.99767,47710.79022,49878.04324,50260.29986,42784.69836,43784.28396,46316.74546
GDP per capita (current US$),NY.GDP.PCAP.CD,France,FRA,40638.334,43790.73205,40874.70351,42592.93409,43011.2631,36638.18493,37037.37419,38812.16103
GDP per capita (current US$),NY.GDP.PCAP.CD,French Polynesia,PYF,..,..,..,..,..,..,..,..
GDP per capita (current US$),NY.GDP.PCAP.CD,Gabon,GAB,8849.3553,10809.64645,9813.477703,9683.57629,9663.42924,7384.71587,6984.451019,7230.396393
GDP per capita (current US$),NY.GDP.PCAP.CD,"Gambia, The",GMB,860.6378737,762.7610541,742.7811378,700.514972,607.4284041,649.5108294,683.9976539,676.6559246
GDP per capita (current US$),NY.GDP.PCAP.CD,Georgia,GEO,3233.295943,4021.743306,4421.818242,4623.745725,4739.188338,4014.185944,4062.169888,4357.000936
GDP per capita (current US$),NY.GDP.PCAP.CD,Germany,DEU,41531.9342,46644.77603,43858.36306,46285.76407,47959.99327,41139.54457,42098.92045,44349.58966
GDP per capita (current US$),NY.GDP.PCAP.CD,Ghana,GHA,1299.344949,1549.462902,1587.561237,2345.392906,1971.033347,1743.850996,1931.38947,2025.932424
GDP per capita (current US$),NY.GDP.PCAP.CD,Gibraltar,GIB,..,..,..,..,..,..,..,..
GDP per capita (current US$),NY.GDP.PCAP.CD,Greece,GRC,26917.75898,25916.29353,22242.68193,21874.8195,21760.9798,18167.77372,18116.45962,18930.21859
GDP per capita (current US$),NY.GDP.PCAP.CD,Greenland,GRL,43988.33249,47186.98147,45936.76595,47535.58995,50484.92757,44536.40131,48181.87419,50321.36875
GDP per capita (current US$),NY.GDP.PCAP.CD,Grenada,GRD,7257.756622,7291.058897,7444.504768,7789.776381,8369.886755,9096.870646,9628.347487,10152.83281
GDP per capita (current US$),NY.GDP.PCAP.CD,Guam,GUM,30700.43401,30859.40435,32494.56236,33265.38119,34394.09748,35278.92594,35562.83791,35615.80463
GDP per capita (current US$),NY.GDP.PCAP.CD,Guatemala,GTM,2898.942215,3281.667502,3408.784916,3522.773698,3779.642328,3994.636913,4173.301666,4451.45099
GDP per capita (current US$),NY.GDP.PCAP.CD,Guinea,GIN,672.4244026,651.1353635,717.0507379,769.0039433,787.2380702,769.2560137,732.9665707,856.5652698
GDP per capita (current US$),NY.GDP.PCAP.CD,Guinea-Bissau,GNB,557.6321326,702.7428804,616.4116862,634.482446,622.4817167,603.1585129,661.0076549,736.7255662
GDP per capita (current US$),NY.GDP.PCAP.CD,Guyana,GUY,3033.247725,3425.436441,3788.146749,3934.865262,4031.600662,4166.128516,4542.622067,4586.054572
GDP per capita (current US$),NY.GDP.PCAP.CD,Haiti,HTI,665.6274195,744.2174268,769.749381,815.8200152,831.8739489,815.7282844,735.3017703,765.7272943
GDP per capita (current US$),NY.GDP.PCAP.CD,Honduras,HND,1904.346465,2088.3153,2144.342611,2102.593166,2206.051934,2302.201379,2342.584651,2453.727896
GDP per capita (current US$),NY.GDP.PCAP.CD,"Hong Kong SAR, China",HKG,32549.99823,35142.48793,36730.8767,38403.77771,40315.28556,42431.88828,43731.10682,46165.85651
GDP per capita (current US$),NY.GDP.PCAP.CD,Hungary,HUN,13113.52596,14150.96673,12918.24752,13687.2461,14246.1098,12651.56834,12992.37567,14457.60876
GDP per capita (current US$),NY.GDP.PCAP.CD,Iceland,ISL,43024.92349,47516.87469,45910.02055,49522.23659,54241.93466,52564.42919,61466.80397,71310.93925
GDP per capita (current US$),NY.GDP.PCAP.CD,India,IND,1357.563719,1458.103527,1443.879529,1449.605912,1573.881492,1605.605434,1732.564262,1981.65105
GDP per capita (current US$),NY.GDP.PCAP.CD,Indonesia,IDN,3122.362815,3643.043936,3694.348946,3623.911582,3491.624791,3331.695128,3562.845756,3837.651731
GDP per capita (current US$),NY.GDP.PCAP.CD,"Iran, Islamic Rep.",IRN,6599.660938,7781.406114,7927.846902,6018.324473,5585.526758,4904.326877,5253.424843,5520.310789
GDP per capita (current US$),NY.GDP.PCAP.CD,Iraq,IRQ,4657.280426,6045.495551,6836.027313,7076.554608,6818.804621,4989.803075,4776.726499,5205.288255
GDP per capita (current US$),NY.GDP.PCAP.CD,Ireland,IRL,48715.17686,51848.90973,48917.89756,51590.18845,55492.98268,61995.42278,63197.08237,69822.34718
GDP per capita (current US$),NY.GDP.PCAP.CD,Isle of Man,IMN,69766.52119,77351.95888,76104.68137,80431.6728,88974.22865,81606.28003,79155.54167,80989.17221
GDP per capita (current US$),NY.GDP.PCAP.CD,Israel,ISR,30693.59308,33669.24647,32511.23785,36309.46883,37678.88977,35776.79517,37321.62404,40541.86209
GDP per capita (current US$),NY.GDP.PCAP.CD,Italy,ITA,36000.52012,38599.06221,35053.52624,35549.9747,35518.41529,30230.2263,30939.71425,32406.72032
GDP per capita (current US$),NY.GDP.PCAP.CD,Jamaica,JAM,4704.054455,5111.471413,5209.851931,4989.171391,4833.790318,4907.50372,4843.338474,5069.183838
GDP per capita (current US$),NY.GDP.PCAP.CD,Japan,JPN,44507.67639,48167.99727,48603.47665,40454.44746,38109.41211,34524.46986,38761.81815,38386.51115
GDP per capita (current US$),NY.GDP.PCAP.CD,Jordan,JOR,3690.113268,3816.279258,3877.339345,3998.027473,4072.765475,4105.448961,4103.7336,4162.820687
GDP per capita (current US$),NY.GDP.PCAP.CD,Kazakhstan,KAZ,9070.488253,11634.0019,12386.7,13890.63177,12807.26069,10510.77189,7714.841844,9247.581331
GDP per capita (current US$),NY.GDP.PCAP.CD,Kenya,KEN,951.6879611,971.633329,1136.871406,1210.388014,1315.804535,1336.883349,1410.527568,1572.335496
GDP per capita (current US$),NY.GDP.PCAP.CD,Kiribati,KIR,1516.811869,1735.018358,1788.505421,1715.765331,1642.762597,1542.57525,1584.807446,1640.500104
GDP per capita (current US$),NY.GDP.PCAP.CD,"Korea, Dem. Peopleâ€™s Rep.",PRK,..,..,..,..,..,..,..,..
GDP per capita (current US$),NY.GDP.PCAP.CD,"Korea, Rep.",KOR,23087.22564,25096.26388,25466.76052,27182.73431,29249.57522,28732.23108,29288.87044,31616.8434
GDP per capita (current US$),NY.GDP.PCAP.CD,Kosovo,XKX,3286.557443,3741.875052,3596.804655,3891.266363,4080.330717,3603.025501,3780.003689,4045.614209
GDP per capita (current US$),NY.GDP.PCAP.CD,Kuwait,KWT,38577.49828,48631.6913,51979.10517,49388.13741,44062.31704,29869.52939,27653.06677,29759.43649
GDP per capita (current US$),NY.GDP.PCAP.CD,Kyrgyz Republic,KGZ,880.0377751,1123.883168,1177.974735,1282.437162,1279.769783,1121.082835,1120.666513,1242.769643
GDP per capita (current US$),NY.GDP.PCAP.CD,Lao PDR,LAO,1140.599205,1378.361365,1581.395403,1825.665113,1998.335215,2134.711796,2308.800482,2423.846203
GDP per capita (current US$),NY.GDP.PCAP.CD,Latvia,LVA,11348.40623,13832.39118,13850.64282,15041.17446,15740.32675,13698.93795,14153.41492,15586.58189
GDP per capita (current US$),NY.GDP.PCAP.CD,Lebanon,LBN,7761.646191,7674.83535,7950.695378,7931.080476,7686.25603,7644.548657,7629.891117,7801.178658
GDP per capita (current US$),NY.GDP.PCAP.CD,Lesotho,LSO,1137.275702,1308.690066,1253.696202,1193.713257,1223.333032,1152.139827,1043.569792,1150.079173
GDP per capita (current US$),NY.GDP.PCAP.CD,Liberia,LBR,513.4456986,596.8970811,657.9362563,721.9300554,721.1827948,710.3838577,714.6233922,698.7017644
GDP per capita (current US$),NY.GDP.PCAP.CD,Libya,LBY,12064.78069,5554.179164,13025.28139,10363.78949,6466.91027,4337.919139,4035.194316,5756.69845
GDP per capita (current US$),NY.GDP.PCAP.CD,Liechtenstein,LIE,141200.38,158156.5998,149010.2249,173058.3174,178845.631,167290.94,165629.1905,173356.0513
GDP per capita (current US$),NY.GDP.PCAP.CD,Lithuania,LTU,11957.08421,14354.18838,14339.28787,15702.14306,16548.40641,14249.11497,14999.47964,16882.63947
GDP per capita (current US$),NY.GDP.PCAP.CD,Luxembourg,LUX,104965.3061,115761.5077,106749.0136,113625.1329,118823.6484,101376.4966,104278.391,107627.151
GDP per capita (current US$),NY.GDP.PCAP.CD,"Macao SAR, China",MAC,52253.15531,66644.38534,76291.84749,89287.45402,93777.1068,75340.98698,74061.08603,81516.67492
GDP per capita (current US$),NY.GDP.PCAP.CD,Madagascar,MDG,471.959197,531.2655718,518.1529543,541.0662,530.8613457,467.2353994,475.9554172,515.2927249
GDP per capita (current US$),NY.GDP.PCAP.CD,Malawi,MWI,478.6685897,534.9512647,391.5618324,348.4302696,371.2697496,380.5970331,315.7773264,356.7175732
GDP per capita (current US$),NY.GDP.PCAP.CD,Malaysia,MYS,9040.566251,10399.37275,10817.44287,10970.12328,11319.07976,9955.242127,9817.740861,10254.23402
GDP per capita (current US$),NY.GDP.PCAP.CD,Maldives,MDV,7076.662423,7291.42764,7265.613656,7928.457365,8499.365762,9033.390413,9209.288625,9540.634349
GDP per capita (current US$),NY.GDP.PCAP.CD,Mali,MLI,710.2742022,837.6034406,778.6192858,805.032838,848.302758,751.4786686,780.38787,830.5574088
GDP per capita (current US$),NY.GDP.PCAP.CD,Malta,MLT,21107.36443,22858.58609,21916.41159,23837.27999,26008.82772,24002.52329,25133.04565,27239.0701
GDP per capita (current US$),NY.GDP.PCAP.CD,Marshall Islands,MHL,2876.994997,3083.83188,3224.338382,3296.698163,3230.02326,3213.837288,3473.775006,3666.695374
GDP per capita (current US$),NY.GDP.PCAP.CD,Mauritania,MRT,1610.923908,1879.771427,1815.219429,1892.095487,1677.108166,1524.072883,1536.85415,1578.114174
GDP per capita (current US$),NY.GDP.PCAP.CD,Mauritius,MUS,8000.376432,9197.026972,9291.227619,9637.00265,10153.93822,9260.447303,9681.618567,10484.90836
GDP per capita (current US$),NY.GDP.PCAP.CD,Mexico,MEX,9271.398233,10203.42085,10241.72792,10725.18332,10922.37605,9605.952351,8739.756043,9278.418168
GDP per capita (current US$),NY.GDP.PCAP.CD,"Micronesia, Fed. Sts.",FSM,2885.445676,3009.198647,3131.386715,2994.679304,2971.45729,2906.376785,3014.700358,3289.701146
GDP per capita (current US$),NY.GDP.PCAP.CD,Moldova,MDA,2437.529978,2942.255949,3045.739874,3322.038436,3328.801449,2732.457113,2880.439281,3509.69345
GDP per capita (current US$),NY.GDP.PCAP.CD,Monaco,MCO,150725.1941,169020.8878,157515.8991,177664.1156,189422.2188,166011.5091,170028.6557,167517.0597
GDP per capita (current US$),NY.GDP.PCAP.CD,Mongolia,MNG,2643.292914,3757.558633,4351.88692,4366.075901,4158.525715,3918.579174,3660.150746,3669.41754
GDP per capita (current US$),NY.GDP.PCAP.CD,Montenegro,MNE,6682.281158,7318.74469,6586.721279,7189.293287,7388.147794,6517.163752,7033.604899,7803.411137
GDP per capita (current US$),NY.GDP.PCAP.CD,Morocco,MAR,2839.925168,3046.949136,2912.658275,3121.681176,3171.699192,2875.257985,2896.720003,3036.325255
GDP per capita (current US$),NY.GDP.PCAP.CD,Mozambique,MOZ,471.1816926,594.5864667,657.6453378,664.0782118,673.9699555,589.8590281,428.926488,461.4150941
GDP per capita (current US$),NY.GDP.PCAP.CD,Myanmar,MMR,979.05163,1176.242453,1165.794329,1162.33144,1251.820765,1287.430487,1266.546338,1291.542413
GDP per capita (current US$),NY.GDP.PCAP.CD,Namibia,NAM,5318.00694,5723.32549,5942.273788,5377.727327,5435.171911,4869.378406,4523.09127,5303.309133
GDP per capita (current US$),NY.GDP.PCAP.CD,Nauru,NRU,4754.075002,6568.102582,9429.633377,9101.91698,8829.356719,6956.253801,7670.116404,8510.868408
GDP per capita (current US$),NY.GDP.PCAP.CD,Nepal,NPL,592.4010975,699.4293377,698.4664794,715.923743,743.4133813,792.5528906,777.1475955,911.4442665
GDP per capita (current US$),NY.GDP.PCAP.CD,Netherlands,NLD,50950.03434,54159.34661,50073.00566,52184.06185,52830.17423,45175.23189,46007.85292,48675.22234
GDP per capita (current US$),NY.GDP.PCAP.CD,New Caledonia,NCL,..,..,..,..,..,..,..,..
GDP per capita (current US$),NY.GDP.PCAP.CD,New Zealand,NZL,33700.12604,38437.54316,39982.7543,42962.98821,44553.28221,38615.99518,40105.61339,42849.42632
GDP per capita (current US$),NY.GDP.PCAP.CD,Nicaragua,NIC,1503.870423,1655.801824,1760.454387,1811.639193,1934.069508,2049.84969,2107.56718,2159.163079
GDP per capita (current US$),NY.GDP.PCAP.CD,Niger,NER,473.2998775,508.3965681,526.3509656,548.8929548,562.1218446,483.3392822,494.7187135,516.8882472
GDP per capita (current US$),NY.GDP.PCAP.CD,Nigeria,NGA,2292.445156,2520.404166,2746.991789,2998.072843,3222.693537,2730.430324,2175.99967,1968.559588
GDP per capita (current US$),NY.GDP.PCAP.CD,North Macedonia,MKD,4542.899717,5063.786986,4698.141294,5210.67583,5468.480869,4840.273123,5129.15896,5430.87421
GDP per capita (current US$),NY.GDP.PCAP.CD,Northern Mariana Islands,MNP,14804.24673,13571.05828,13827.7697,14274.24065,15278.90787,16690.5701,22246.74308,28305.22259
GDP per capita (current US$),NY.GDP.PCAP.CD,Norway,NOR,87693.79007,100600.5624,101524.1419,102913.4508,97019.18275,74355.51586,70459.1825,75496.75406
GDP per capita (current US$),NY.GDP.PCAP.CD,Oman,OMN,18756.97925,20921.14598,21902.58136,20926.55405,20131.91672,16028.75136,14618.87538,15130.94374
GDP per capita (current US$),NY.GDP.PCAP.CD,Pakistan,PAK,987.409723,1164.976129,1198.109001,1208.90431,1251.164104,1356.667756,1368.454326,1464.993305
GDP per capita (current US$),NY.GDP.PCAP.CD,Palau,PLW,10219.9276,10884.41251,11967.30726,12688.19721,13794.79178,15871.84263,16932.33286,16078.26819
GDP per capita (current US$),NY.GDP.PCAP.CD,Panama,PAN,8082.028459,9358.251475,10722.28363,11889.12763,12796.07004,13630.30797,14343.96363,15150.34561
GDP per capita (current US$),NY.GDP.PCAP.CD,Papua New Guinea,PNG,1949.352518,2406.909679,2790.676669,2729.891906,2920.783721,2679.345588,2509.631457,2695.251883
GDP per capita (current US$),NY.GDP.PCAP.CD,Paraguay,PRY,4355.934939,5322.96376,5183.082877,5926.832863,6102.943233,5406.703857,5319.410218,5680.580768
GDP per capita (current US$),NY.GDP.PCAP.CD,Peru,PER,5082.354757,5869.32308,6528.972218,6756.752769,6672.880255,6229.101696,6204.99726,6710.508029
GDP per capita (current US$),NY.GDP.PCAP.CD,Philippines,PHL,2217.474009,2450.733656,2694.305473,2871.430902,2959.648452,3001.040371,3073.653615,3123.234229
GDP per capita (current US$),NY.GDP.PCAP.CD,Poland,POL,12599.53358,13893.50926,13145.53926,13781.06261,14347.91458,12572.4266,12431.81589,13861.30936
GDP per capita (current US$),NY.GDP.PCAP.CD,Portugal,PRT,22498.69086,23186.91313,20564.88986,21647.04181,22074.30076,19242.36647,19978.40121,21490.42986
GDP per capita (current US$),NY.GDP.PCAP.CD,Puerto Rico,PRI,26435.74879,27278.88305,27944.73389,28513.16574,28981.45733,29763.4883,30627.1634,31108.75275
GDP per capita (current US$),NY.GDP.PCAP.CD,Qatar,QAT,67403.1603,82409.58033,85076.14793,85050.91097,83858.52838,63039.01655,57163.06099,61264.39648
GDP per capita (current US$),NY.GDP.PCAP.CD,Romania,ROU,8209.919456,9104.995622,8535.046876,9555.244217,10026.97358,8977.437382,9567.129345,10807.79539
GDP per capita (current US$),NY.GDP.PCAP.CD,Russian Federation,RUS,10674.99578,14311.08432,15420.87454,15974.64463,14095.64874,9313.013625,8704.898413,10720.33259
GDP per capita (current US$),NY.GDP.PCAP.CD,Rwanda,RWA,612.3436991,671.50994,728.6972971,726.1801569,747.0005116,754.906789,748.5044181,772.3184718
GDP per capita (current US$),NY.GDP.PCAP.CD,Samoa,WSM,3566.362378,3933.459357,4022.19912,4037.509315,3937.758712,4073.66601,4109.165135,4258.48627
GDP per capita (current US$),NY.GDP.PCAP.CD,San Marino,SMR,60239.34071,57286.655,49985.34957,51572.56817,50806.53438,42650.31726,43842.38552,45394.20103
GDP per capita (current US$),NY.GDP.PCAP.CD,Sao Tome and Principe,STP,1094.710717,1263.868022,1340.527702,1577.018278,1782.798059,1595.864632,1710.130898,1811.012826
GDP per capita (current US$),NY.GDP.PCAP.CD,Saudi Arabia,SAU,19262.54768,23745.80161,25243.3587,24844.74437,24463.90316,20627.93278,19879.29753,20803.74257
GDP per capita (current US$),NY.GDP.PCAP.CD,Senegal,SEN,1280.22547,1373.520789,1329.981379,1376.069816,1396.658225,1219.248662,1269.902108,1361.699588
GDP per capita (current US$),NY.GDP.PCAP.CD,Serbia,SRB,5735.422857,6809.159804,6015.945228,6755.073511,6600.05665,5585.117808,5756.381194,6284.192804
GDP per capita (current US$),NY.GDP.PCAP.CD,Seychelles,SYC,10804.68447,12189.09516,12006.68296,14765.67398,14700.3343,14745.34144,15068.62032,15906.08392
GDP per capita (current US$),NY.GDP.PCAP.CD,Sierra Leone,SLE,401.8350014,448.3375255,566.3786569,716.8353047,714.7007124,588.2284527,501.4157129,499.3807078
GDP per capita (current US$),NY.GDP.PCAP.CD,Singapore,SGP,47236.96023,53890.42873,55546.48854,56967.42579,57562.53079,55646.61875,56828.29535,60913.74533
GDP per capita (current US$),NY.GDP.PCAP.CD,Sint Maarten (Dutch part),SXM,,,,,,,,
GDP per capita (current US$),NY.GDP.PCAP.CD,Slovak Republic,SVK,16727.29133,18338.36223,17460.04681,18236.98079,18670.93017,16309.07324,16505.97505,17554.30832
GDP per capita (current US$),NY.GDP.PCAP.CD,Slovenia,SVN,23509.54339,25095.13263,22643.10025,23496.60231,24214.92207,20881.76677,21622.58068,23500.75223
GDP per capita (current US$),NY.GDP.PCAP.CD,Solomon Islands,SLB,1290.398786,1722.418121,1913.232013,1977.451405,1996.781184,1914.46793,1986.416236,2059.045424
GDP per capita (current US$),NY.GDP.PCAP.CD,Somalia,SOM,,,,,,,,
GDP per capita (current US$),NY.GDP.PCAP.CD,South Africa,ZAF,7328.615629,8007.412846,7501.469984,6832.456891,6433.187277,5734.633629,5272.918425,6132.479841
GDP per capita (current US$),NY.GDP.PCAP.CD,South Sudan,SSD,1535.708184,1516.403915,1179.739828,1779.469334,1322.820239,1119.651333,,
GDP per capita (current US$),NY.GDP.PCAP.CD,Spain,ESP,30502.71971,31636.44631,28324.42934,29059.54795,29461.55033,25732.01836,26505.34322,28170.43457
GDP per capita (current US$),NY.GDP.PCAP.CD,Sri Lanka,LKA,2799.648876,3200.833829,3350.521876,3610.289363,3819.25353,3843.780672,3886.291502,4077.043721
GDP per capita (current US$),NY.GDP.PCAP.CD,St. Kitts and Nevis,KNA,15508.76811,16538.17144,16044.70548,16684.95302,18052.03596,18029.32554,18811.87337,19155.2894
GDP per capita (current US$),NY.GDP.PCAP.CD,St. Lucia,LCA,8540.414378,8983.436673,9086.799462,9378.562363,9843.915819,10093.89976,10361.8141,11047.44499
GDP per capita (current US$),NY.GDP.PCAP.CD,St. Martin (French part),MAF,,,,,,,,
GDP per capita (current US$),NY.GDP.PCAP.CD,St. Vincent and the Grenadines,VCT,6292.789487,6242.195332,6390.310632,6639.607146,6684.807367,6920.878074,7075.06582,7212.960181
GDP per capita (current US$),NY.GDP.PCAP.CD,Sudan,SDN,1401.477474,1437.773295,1457.894582,1557.22831,1709.999605,1909.738755,1299.261195,1111.868449
GDP per capita (current US$),NY.GDP.PCAP.CD,Suriname,SUR,8255.796859,8263.172923,9201.008785,9402.233137,9472.0076,8561.974179,5539.068872,5626.795816
GDP per capita (current US$),NY.GDP.PCAP.CD,Sweden,SWE,52869.04429,60755.75955,58037.82132,61126.9432,60020.36046,51545.48361,51965.15715,53791.50873
GDP per capita (current US$),NY.GDP.PCAP.CD,Switzerland,CHE,74605.72102,88415.62806,83538.23008,85112.4644,86605.56338,82081.59712,80172.23207,80449.99456
GDP per capita (current US$),NY.GDP.PCAP.CD,Syrian Arab Republic,SYR,,,,,,,,
GDP per capita (current US$),NY.GDP.PCAP.CD,Tajikistan,TJK,749.552711,847.3821018,969.2964731,1048.227293,1104.171689,929.0958572,802.5180041,806.0415731
GDP per capita (current US$),NY.GDP.PCAP.CD,Tanzania,TZA,743.4037847,781.4370143,867.8676806,970.4169384,1030.092917,947.9334465,966.4746224,1004.841121
GDP per capita (current US$),NY.GDP.PCAP.CD,Thailand,THA,5076.340174,5492.121256,5860.582507,6168.262985,5951.883702,5840.046523,5994.231475,6592.914902
GDP per capita (current US$),NY.GDP.PCAP.CD,Timor-Leste,TLS,806.4078617,947.5137304,1013.050451,1210.033296,1232.456832,1334.661956,1358.201692,1294.715534
GDP per capita (current US$),NY.GDP.PCAP.CD,Togo,TGO,534.0443668,587.0971368,571.8067239,621.3988536,640.9342196,570.910279,597.4710888,626.0915279
GDP per capita (current US$),NY.GDP.PCAP.CD,Tonga,TON,3553.220614,4084.624132,4597.742305,4428.566481,4393.940811,4320.63799,3966.15652,4217.476507
GDP per capita (current US$),NY.GDP.PCAP.CD,Trinidad and Tobago,TTO,16683.35538,19034.1492,19157.41704,20143.66445,20270.85937,18289.70434,16176.94737,16238.19319
GDP per capita (current US$),NY.GDP.PCAP.CD,Tunisia,TUN,4141.976353,4264.674946,4152.678587,4222.703245,4305.474165,3861.688531,3697.930831,3481.228739
GDP per capita (current US$),NY.GDP.PCAP.CD,Turkey,TUR,10672.38925,11335.51051,11707.25971,12519.39143,12095.85457,10948.72461,10820.63384,10513.64843
GDP per capita (current US$),NY.GDP.PCAP.CD,Turkmenistan,TKM,4439.200382,5649.952278,6675.185658,7304.287132,7962.239098,6432.680702,6389.548408,6587.090316
GDP per capita (current US$),NY.GDP.PCAP.CD,Turks and Caicos Islands,TCA,21028.40814,21835.08314,21009.88581,21328.97901,23296.33691,24832.59637,25995.17246,25933.60744
GDP per capita (current US$),NY.GDP.PCAP.CD,Tuvalu,TUV,3022.176507,3640.72324,3507.940655,3454.828692,3398.706483,3197.772252,3255.928693,3572.493579
GDP per capita (current US$),NY.GDP.PCAP.CD,Uganda,UGA,815.8736791,825.8384352,783.717921,803.5093739,876.3543005,840.4015715,730.6250405,747.1969074
GDP per capita (current US$),NY.GDP.PCAP.CD,Ukraine,UKR,2965.139715,3569.758121,3855.417729,4029.711252,3104.643206,2124.662319,2187.73051,2640.675677
GDP per capita (current US$),NY.GDP.PCAP.CD,United Arab Emirates,ARE,33893.30351,39194.67662,40976.49971,42412.63028,43751.83889,38663.38381,38141.84676,40644.80404
GDP per capita (current US$),NY.GDP.PCAP.CD,United Kingdom,GBR,39435.8399,42038.57225,42462.77157,43444.533,47425.60768,44974.83188,41064.13343,40361.41738
GDP per capita (current US$),NY.GDP.PCAP.CD,United States,USA,48467.51578,49886.81811,51610.60528,53117.66783,55047.72556,56822.51882,57927.51685,59957.72585
GDP per capita (current US$),NY.GDP.PCAP.CD,Uruguay,URY,11992.01663,14236.68119,15171.58466,16973.67421,16831.97294,15613.76427,15387.14403,17322.14739
GDP per capita (current US$),NY.GDP.PCAP.CD,Uzbekistan,UZB,1634.312095,1926.292997,2137.025122,2281.410973,2492.336643,2615.025134,2567.799207,1826.566919
GDP per capita (current US$),NY.GDP.PCAP.CD,Vanuatu,VUT,2966.857116,3264.537017,3133.090209,3124.233078,3088.258303,2801.939848,2889.853036,3082.356323
GDP per capita (current US$),NY.GDP.PCAP.CD,"Venezuela, RB",VEN,13825.35809,10955.34991,12985.50533,12456.71245,16054.49051,,,
GDP per capita (current US$),NY.GDP.PCAP.CD,Vietnam,VNM,1317.890706,1525.115988,1735.141276,1886.671896,2030.261955,2085.101484,2192.214539,2365.621666
GDP per capita (current US$),NY.GDP.PCAP.CD,Virgin Islands (U.S.),VIR,40043.19017,39144.16577,37849.72872,34819.14775,33573.09703,34797.14047,35931.54125,35938.02439
GDP per capita (current US$),NY.GDP.PCAP.CD,West Bank and Gaza,PSE,2354.125987,2695.193853,2834.021525,3060.312389,3046.821798,2967.851747,3074.291152,3254.485887
GDP per capita (current US$),NY.GDP.PCAP.CD,"Yemen, Rep.",YEM,1334.784845,1374.621285,1446.536354,1607.152365,1673.146354,1395.439633,1033.733043,882.3957585
GDP per capita (current US$),NY.GDP.PCAP.CD,Zambia,ZMB,1489.459306,1672.908251,1763.072733,1878.907001,1763.057298,1337.79611,1280.578898,1534.865371
GDP per capita (current US$),NY.GDP.PCAP.CD,Zimbabwe,ZWE,948.3318545,1093.654002,1304.969802,1430.000818,1434.89934,1445.071062,1464.583529,1548.170056
GDP per capita (current US$),NY.GDP.PCAP.CD,Arab World,ARB,5934.290684,6867.692047,7465.151651,7519.80826,7457.461109,6387.660615,6097.239025,6102.211067
GDP per capita (current US$),NY.GDP.PCAP.CD,Caribbean small states,CSS,9086.894793,9762.053463,10017.38359,10140.16594,10202.27477,9939.801206,9384.914524,9557.517493
GDP per capita (current US$),NY.GDP.PCAP.CD,Central Europe and the Baltics,CEB,12576.04184,13889.38578,13015.82872,13718.09775,14161.9073,12493.71382,12792.51412,14198.12986
GDP per capita (current US$),NY.GDP.PCAP.CD,Early-demographic dividend,EAR,2944.925795,3252.888306,3362.382791,3373.30668,3444.087951,3297.405256,3328.524055,3548.288051
GDP per capita (current US$),NY.GDP.PCAP.CD,East Asia & Pacific,EAS,7697.992805,8861.458466,9420.497882,9466.235452,9703.284026,9598.278555,9857.980865,10467.70219
GDP per capita (current US$),NY.GDP.PCAP.CD,East Asia & Pacific (excluding high income),EAP,4005.488963,4858.581874,5378.84239,5891.457766,6306.328414,6522.674364,6612.248471,7173.398308
GDP per capita (current US$),NY.GDP.PCAP.CD,East Asia & Pacific (IDA & IBRD countries),TEA,4048.335546,4910.478775,5436.160378,5954.106679,6373.238577,6591.704671,6682.048699,7248.931131
GDP per capita (current US$),NY.GDP.PCAP.CD,Euro area,EMU,37567.13056,40613.87428,37598.04226,39102.91309,39857.29176,34381.55479,35142.31547,37095.12027
GDP per capita (current US$),NY.GDP.PCAP.CD,Europe & Central Asia,ECS,23604.68119,26109.25901,25068.32812,26071.85206,26301.08299,22551.60089,22371.68239,23597.42401
GDP per capita (current US$),NY.GDP.PCAP.CD,Europe & Central Asia (excluding high income),ECA,7780.766654,9611.536804,10189.22398,10729.40774,9897.827942,7461.211702,7043.481347,7863.679049
GDP per capita (current US$),NY.GDP.PCAP.CD,Europe & Central Asia (IDA & IBRD countries),TEC,8276.643651,10004.59819,10396.81836,10964.15241,10314.48077,7997.067603,7651.578313,8538.356943
GDP per capita (current US$),NY.GDP.PCAP.CD,European Union,EUU,32931.63812,35716.27366,33158.79141,34564.11251,35243.20737,30473.74026,31162.69639,33029.98795
GDP per capita (current US$),NY.GDP.PCAP.CD,Fragile and conflict affected situations,FCS,2205.098612,2186.971155,2457.000322,2523.042763,2710.812193,2341.686509,2049.27473,2030.056919
GDP per capita (current US$),NY.GDP.PCAP.CD,Heavily indebted poor countries (HIPC),HPC,779.1447554,840.1037469,862.6179163,937.5807608,962.9292205,927.4845955,897.4932554,929.4107113
GDP per capita (current US$),NY.GDP.PCAP.CD,High income,HIC,38650.14499,41536.18271,41343.83883,41628.48055,42293.54451,39730.91955,40332.26339,41971.23735
GDP per capita (current US$),NY.GDP.PCAP.CD,IBRD only,IBD,4520.586656,5287.113108,5566.795982,5823.532083,5965.913145,5581.205514,5571.601027,6091.709777
GDP per capita (current US$),NY.GDP.PCAP.CD,IDA & IBRD total,IBT,3707.50905,4311.53819,4528.972274,4736.528497,4851.424618,4537.976928,4503.145178,4885.474243
GDP per capita (current US$),NY.GDP.PCAP.CD,IDA blend,IDB,1536.688862,1730.326711,1859.438279,1977.510202,2105.041778,1957.863442,1771.739128,1714.469866
GDP per capita (current US$),NY.GDP.PCAP.CD,IDA only,IDX,836.6672824,911.416819,933.7731072,1019.86625,1066.54824,1066.156944,1057.255824,1110.355797
GDP per capita (current US$),NY.GDP.PCAP.CD,IDA total,IDA,1074.340129,1190.507013,1250.498231,1347.43393,1422.525515,1370.73525,1299.267674,1312.725888
GDP per capita (current US$),NY.GDP.PCAP.CD,Late-demographic dividend,LTE,6192.389209,7502.030598,7978.585356,8548.159629,8818.869796,8218.384972,8187.21316,9031.340769
GDP per capita (current US$),NY.GDP.PCAP.CD,Latin America & Caribbean,LCN,9065.807546,10193.85724,10186.95946,10326.13436,10417.35374,8870.63068,8577.358726,9432.971185
GDP per capita (current US$),NY.GDP.PCAP.CD,Latin America & Caribbean (excluding high income),LAC,8767.05888,9870.706096,9825.143454,9936.316767,10062.26923,8461.077391,8142.770024,8990.524504
GDP per capita (current US$),NY.GDP.PCAP.CD,Latin America & the Caribbean (IDA & IBRD countries),TLA,8980.719155,10128.63224,10111.75807,10247.21402,10334.43067,8728.07016,8417.027467,9288.199577
GDP per capita (current US$),NY.GDP.PCAP.CD,Least developed countries: UN classification,LDC,813.2670308,903.509772,935.4819809,997.2093156,1053.028615,1014.380373,978.7413075,1041.228276
GDP per capita (current US$),NY.GDP.PCAP.CD,Low & middle income,LMY,3576.05292,4167.710896,4393.63289,4593.900589,4709.48357,4415.522911,4380.328093,4749.356416
GDP per capita (current US$),NY.GDP.PCAP.CD,Low income,LIC,734.2035212,773.2421812,790.4963907,845.7405124,883.9699919,860.5686206,774.5072735,779.6083179
GDP per capita (current US$),NY.GDP.PCAP.CD,Lower middle income,LMC,1542.652453,1709.884166,1775.624255,1843.332143,1935.239874,1886.725894,1920.047686,2034.893581
GDP per capita (current US$),NY.GDP.PCAP.CD,Middle East & North Africa,MEA,7169.344653,8324.984473,8894.861579,8652.347582,8537.258824,7371.998335,7265.221146,7411.423129
GDP per capita (current US$),NY.GDP.PCAP.CD,Middle East & North Africa (excluding high income),MNA,4157.898814,4621.789588,5011.268306,4605.550672,4466.556485,3944.349251,3928.792588,3793.932018
GDP per capita (current US$),NY.GDP.PCAP.CD,Middle East & North Africa (IDA & IBRD countries),TMN,4178.708356,4644.130504,5036.720832,4623.47968,4483.06104,3955.55506,3938.533311,3799.787291
GDP per capita (current US$),NY.GDP.PCAP.CD,Middle income,MIC,3866.193845,4517.714608,4770.005245,4991.390481,5121.330794,4804.481578,4778.762823,5193.1639
GDP per capita (current US$),NY.GDP.PCAP.CD,North America,NAC,48374.0946,50111.9823,51723.22566,53077.24208,54637.83259,55502.6915,56364.85516,58467.97381
GDP per capita (current US$),NY.GDP.PCAP.CD,Not classified,INX,,,,,,,,
GDP per capita (current US$),NY.GDP.PCAP.CD,OECD members,OED,34983.48739,37434.52002,37184.8135,37447.50456,37980.48611,35605.23919,36030.91319,37370.04899
GDP per capita (current US$),NY.GDP.PCAP.CD,Other small states,OSS,12366.33726,14891.41211,15211.57698,15541.89648,15741.33979,12793.93105,12385.06369,13404.40974
GDP per capita (current US$),NY.GDP.PCAP.CD,Pacific island small states,PSS,2905.02252,3401.31861,3568.80296,3654.826603,3919.673053,3776.199421,3899.580627,4132.18527
GDP per capita (current US$),NY.GDP.PCAP.CD,Post-demographic dividend,PST,39558.90854,42364.22576,42149.35382,42388.85788,43064.32042,40584.26096,41289.58144,42879.59117
GDP per capita (current US$),NY.GDP.PCAP.CD,Pre-demographic dividend,PRE,1396.887209,1575.221066,1678.432495,1791.26549,1856.526005,1589.453392,1398.969415,1414.800843
GDP per capita (current US$),NY.GDP.PCAP.CD,Small states,SST,11122.80301,13171.13596,13484.66686,13774.49218,13965.96173,11707.51848,11311.7329,12135.83779
GDP per capita (current US$),NY.GDP.PCAP.CD,South Asia,SAS,1257.499439,1367.313138,1364.416403,1381.856627,1494.420765,1541.803686,1651.089463,1866.886067
GDP per capita (current US$),NY.GDP.PCAP.CD,South Asia (IDA & IBRD),TSA,1257.499439,1367.313138,1364.416403,1381.856627,1494.420765,1541.803686,1651.089463,1866.886067
GDP per capita (current US$),NY.GDP.PCAP.CD,Sub-Saharan Africa,SSF,1588.817977,1745.443057,1781.433136,1849.69361,1885.472563,1673.449291,1504.238409,1560.887347
GDP per capita (current US$),NY.GDP.PCAP.CD,Sub-Saharan Africa (excluding high income),SSA,1578.62752,1733.955781,1770.159637,1838.055744,1873.491817,1662.588028,1492.851119,1548.80154
GDP per capita (current US$),NY.GDP.PCAP.CD,Sub-Saharan Africa (IDA & IBRD countries),TSS,1588.817977,1745.443057,1781.433136,1849.69361,1885.472563,1673.449291,1504.238409,1560.887347
GDP per capita (current US$),NY.GDP.PCAP.CD,Upper middle income,UMC,6089.423314,7225.172229,7678.096345,8070.062903,8258.437751,7695.503939,7629.406856,8364.770425
GDP per capita (current US$),NY.GDP.PCAP.CD,World,WLD,9551.335653,10488.33402,10605.20832,10781.85531,10952.34442,10246.50736,10281.9088,10817.48195